"","X","chr2.157423978","chr2.157423995","chr2.157424000","chr2.157457396","chr2.157457405","chr2.157457413","chr2.157457429","chr2.157457443","chr2.157457455","chr2.157457461","chr2.157457487","chr4.63982914","chr4.63982874","chr4.63982867","chr4.63982835","chr5.134747452","chr5.134747524","chr5.134747526","chr5.134747528","chr5.134747530","chr5.134747556","chr5.134747564","chr5.134729248","chr5.134729276","chr5.134729293","chr5.134729317","chr5.134729356","chr5.134729389","chr5.134729410","chr5.134729416","chr5.134729437","chr5.134721255","chr5.134721315","chr5.134721341","chr5.134721415","chr7.37473476","chr7.37473483","chr7.37473512","chr7.37473522","chr7.37473541","chr7.37473574","chr8.102677636","chr8.102677646","chr8.102677691","chr8.102784647","chr8.102784654","chr8.102784665","chr8.102784689","chr8.102785484","chr8.102785514","chr8.102785519","chr8.102785522","chr8.102785570","chr8.102785583","chr8.102785626","chr10.121033421","chr10.121033442","chr10.121033475","chr10.121033485","chr10.121033516","chr10.121033523","chr10.121033533","chr10.121033547","chr10.121033595","chr10.121033601","chr10.121033670","chr10.121083825","chr10.121083857","chr10.121083865","chr10.121083898","chr10.121083908","chr10.121083928","chr10.121083935","chr10.121083943","chr10.121083951","chr10.121083964","chr11.112781667","chr11.112781681","chr11.112781697","chr11.112781705","chr11.112781737","chr11.112781743","chr11.112781751","chr11.112781760","chr11.112781772","chr11.112783432","chr11.112783456","chr11.112783484","chr11.112783500","chr11.112783519","chr11.112783524","chr11.112783536","chr11.7203995","chr11.7204021","chr11.7204057","chr11.7204061","chr11.7204097","chr11.7204154","chr11.7204165","chr11.7208347","chr11.7208353","chr11.7208369","chr11.7208376","chr11.7208398","chr11.7208413","chr11.7208416","chr11.7208434","chr12.112657146","chr12.112657153","chr12.112657170","chr12.112657211","chr12.112657248","chr12.3806527","chr12.3806532","chr12.3806558","chr12.3806574","chr12.3806585","chr12.3806594","chr12.3806596","chr12.3806611","chr12.3806614","chr12.3806632","chr12.3806636","chr12.3834432","chr12.3834477","chr12.3834505","chr12.3834529","chr12.3834556","chr12.3901586","chr12.3901600","chr12.3901623","chr12.3901637","chr12.3901660","chr12.3901663","chr12.3901669","chr12.3901673","chr12.3901678","chr12.3901705","chr12.3901707","chr12.3901736","chr12.3907559","chr12.3907571","chr12.3907620","chr12.3907635","chr12.3907651","chr12.3907658","chr12.3907678","chr12.3907682","chr12.3907689","chr12.3907694","chr12.3907702","chr12.3907713","chr12.3907718","chr13.31625499","chr13.31625508","chr13.31625515","chr13.31625532","chr13.31625535","chr13.31625929","chr13.31625932","chr13.31625935","chr13.31625940","chr13.31625948","chr13.31625958","chr13.31625968","chr13.31625970","chr13.31625974","chr13.31625977","chr13.31625991","chr13.31625995","chr13.31626007","chr13.31626012","chr13.31626018","chr13.31626021","chr13.31626024","chr13.31626027","chr13.31626033","chr13.31626038","chr13.31626045","chr13.31626058","chr13.31626064","chr13.31626070","chr13.31632512","chr13.31632526","chr13.31632564","chr13.31632573","chr13.31632599","chr13.31632624","chr13.31632644","chr13.31632657","chr13.31632663","chr13.31632674","chr13.31632676","chr13.31632679","chr17.46018628","chr17.46018636","chr17.46018654","chr17.46018662","chr17.46018669","chr17.46018677","chr17.46018684","chr17.46018702","chr17.46025372","chr17.46025380","chr17.46025398","chr17.46025418","chr17.46025426","chr17.46025438","chr17.46025461","chr17.46025464","chr17.46025501","chr17.46025505","chr17.46025517","chr17.46025585","chr18.52526932","chr18.52526938","chr18.52526955","chr18.52526982","chr18.52526989","chr18.52529221","chr18.52529237","chr18.52529240","chr18.52529244","chr18.52529249","chr18.52529251","chr18.52529253","chr18.52529262","chr18.52529267","chr18.52529272","chr18.52530111","chr18.52530120","chr11.7214237","chr11.7214242","chr11.7214320","chr11.7214333","chr11.7214357","chr11.7214372","chr11.7214405","chr11.7214411","chr11.7214413","chr11.7214449","chr11.7214469","chr11.7212841","chr11.7212875","chr11.7212890","chr11.7212935","chr11.7212964","chr11.7212975","chr11.7213009","chr11.7213011","chr12.112654599","chr12.112654605","chr12.112654639","chr12.112654654","chr12.112654670","chr12.112654685","chr7.37567995","chr7.37568004","chr7.37568013","chr7.37568021","chr7.37568027","chr7.37568039","chr7.37568049","chr7.37568069","chr7.37568078","chr7.37568089"
"1","JH19",2,0,1.3,2.5,0.4,3.6,2.9,3.6,0.7,0,0,11.9,15,19.8,15.5,0,0,0,0,0,0,0,84.1,77.8,91.1,89.7,100,68.8,93.8,94.1,72.7,47.7,93,90.2,56.4,44.2,50.3,44.8,51.4,41.9,31.6,52.3,51.4,19.5,0,0.6,0,0,0,0,0,0.8,0,1.2,0,0,0,0,0,0,5.6,0,0,0,0,0,61.3,75.8,89.8,75.7,84.7,93.5,97,95.4,95,92.6,0,0,0,0,0,0,0,0,0,0,0,0,1.8,0,0,0,63.6,89.5,79.6,88.7,89.9,88.9,88.5,87.4,96,95.2,95.6,90.2,91.7,87.8,88,73.9,83.2,74.1,82.7,94,"0","0","0","0","0","0","0","0","16.7","0","0",1.1,1.8,1.2,1.2,0,"94.2","92.7","97.6","97","97.9","95.1","93.2","95.5","95.9","94.5","93.5",86.2,85.7,56.3,43.5,29.3,85.2,65,61.7,66.7,90,89.9,93.8,89.3,88.6,0.7,0.7,0.3,0,0.3,0.7,0,0.7,0.3,0,0,1.5,0.3,0.6,0.6,0.3,0.5,0,0,0,0,0.3,0.3,0,0,0.3,0,1.1,0,0.5,1.1,0.2,0,0,0.3,0.6,0.3,0.1,0.6,0,0.1,78.9,92,90.2,90.8,87.2,90.2,89.8,75.4,79.9,94.4,86.9,96.5,92.1,83.8,85,88.1,85.8,75.4,90.4,72.2,69.2,88.5,87.5,94.3,92.7,0.5,0.5,0.5,0.5,0.5,0,1.1,0,0.5,2.1,28.8,20.3,0,0,0,0,1.3,0,0.6,0,1.9,1.3,0,11.8,24.2,21.2,3.7,6.8,0.9,0.7,9.5,85.7,68.6,72,45.5,88.1,88.9,42,70.7,79.8,80.7,77.5,58.2,64.1,72.1,67.8,70.8
"2","JH20",2.7,1,1.7,0.6,0.6,0,5.6,1.9,0,1.2,0,20.2,19.6,22.8,11,0,0,6.7,0,0,0,0,78.2,86,91.1,88.4,91.2,78.6,96.6,93.1,87.1,46.1,89.3,88.2,51.3,36.5,40.5,37.3,42.6,37.8,34.1,61.6,60,16.7,0,0,0,0,0,0,0,2.4,0,0,0,0,0,0,0,0,0,0,0,0,0,0,57.8,66.1,89.2,77,86.5,96.1,93.6,94.3,92.5,91.5,0,0,1.1,0,1.2,2.4,0,1.2,0,0,2,13.6,2.3,0,1.7,1.4,74.7,88.4,81.7,91.9,90.3,82,84.4,92.7,95.1,93.9,95.7,92.9,94.7,92.2,91.5,74.2,83.2,72.9,85.6,96.5,"0","0","0","0","0","0","7.1","0","0","0","0",4.6,4,0,0,1.1,"98.2","91.6","94.6","97.2","99.5","97.8","96.2","97.3","95.1","91","97.3",92,83.5,41.9,54.7,27.5,81.3,60,73.1,66.9,92.4,85.6,96.9,86,75,0,1.1,2.3,0,0.6,0,0,0,0,1.4,0.9,0.4,0,0.4,1.3,0,0,2.4,0,0,0.4,0,0,0,0,0.8,0,0.4,0,1.3,0.3,0,0,0.2,0.5,0.7,0.7,1,0.5,0.3,0,80.5,94.3,92.9,92.4,89,91.3,91.5,83.8,86,93.8,89.4,94.2,91.4,81.1,82.5,94.3,90.5,67.8,91.4,74.6,76.6,85.1,91.7,92.8,92.6,0,1.2,0,0.6,0.6,0.6,0.6,0.6,6.4,3.5,25.4,14,0,0,1.1,2.2,0,0,2,0,2,0,1,22.7,40.4,29.3,8.1,2.9,3,3.6,13.5,88.2,79.7,76.4,53.6,87.6,87.8,42.1,69.9,76.2,76,82.9,63.8,63.2,76.7,61.1,63.5
"3","JH21",2.5,0.5,0.5,1,1,1.9,1.9,1.9,0.9,0,0,17.3,21.1,13.9,11.7,0,10,0,20,33.3,0,0,86.4,79.1,90,95.7,100,66.7,100,86.7,86.7,52.3,93.2,86.4,54.8,38.3,46.2,34,46.5,43.1,31.3,54.7,55.3,19.4,0,0,0,0,0,0,0,1.3,1.5,1.5,1.4,3,0,0,0,3.2,0,0,0,0,0,0,54.3,73.9,89.2,76,86.8,95.7,94.3,91.1,91.4,92.2,0,0,0,0,2.6,0,0,5.3,0,0,0,1.6,0,1.7,0,0,68.1,87.5,78.8,93.8,89.1,83.3,86.8,90,95.9,94.5,96.3,92.2,93.5,90.8,92.5,84.3,77.1,69,76.8,95.2,"0","0","0","0","0","0","0","0","0","0","0",5.7,2.4,1.3,0,1.4,"95.4","92.9","100","95.3","98.9","97.8","94.8","98.4","93.7","90.2","95.1",90.2,85.7,47.3,55.3,32.7,82.1,65.9,68.9,67.6,95.1,87.7,97.9,91.1,89.5,0.7,0,0,0,1.3,0,0,0,0,0.6,0,0,1.2,0,0.6,0.6,1.1,0.6,0,0,0,0,0,0,0,0,0,0,0,0,0,0,0,0.3,0.5,0,0.5,0.5,0,0.3,0,72.2,88.8,87.1,94.1,92.4,92.6,91.8,78.6,79.9,94.2,80.7,99.4,89.7,88.8,77.9,84.2,87.7,66.7,90.3,71.2,72.9,86.8,90.2,92.2,93.9,2.1,1.1,1.1,0,0,0,1.1,0,2.2,6.5,26.2,18.1,0,0,0,1.3,0,1.3,0,0,1.3,0,0,11.3,28.7,23.1,5.8,2.4,1.2,7.6,18,88.6,76.1,79,47.3,86.4,87.5,41.7,76.3,85.7,79.5,86.4,63.3,67.9,79.7,67.3,77.3
"4","JH22",2.1,0.4,0.8,2.1,1,3.1,0,0,1,1,0,20.4,22.2,24.8,20.4,0,8.3,0,0,16.7,0,0,70,75,92.3,75,100,80,100,84,88.9,60.4,87.8,91.8,61.5,54.2,48.9,55.6,57.9,53.6,35.7,45.7,46.9,15.8,2.9,1.5,0,1.5,3.5,0,1.4,4.2,0,1.5,5.7,0,0,2.9,0,0,0,0,0,0,0,0,73.8,74.9,89.2,84.5,82.5,93.1,95,91.5,92.6,93.9,0,0,2.6,0,0,0,0,0,0,0,3.9,4.4,6.8,2.3,5,2.5,72,90.9,85.9,91.9,89.2,83.4,83,87.2,93.2,95.1,92.4,91.8,94.7,89.3,89.4,84.2,84.2,87.7,87,100,"0","0","0","0","0","0","0","0","0","0","0",5.6,2.3,2.3,2.2,2.4,"96.2","96.9","98.5","100","98","95.9","95.9","97.3","97.3","94.9","93.6",94.9,86.7,36.1,47.9,30.1,73.5,52.3,55.2,65.6,88.4,85.6,100,92.2,85.6,0,0.6,0,0.6,0.6,0,0,0,0,0.6,0,0.5,0.5,0,1,0,0,1,0,0.5,0,0,0,0.5,0.5,1,0.5,0,0,0,1.9,0,0,0.3,0,0.9,0.3,0.3,0,0.3,0.6,81.6,95.7,94.7,97.4,90.1,90.4,92.6,73.8,89.7,91,84.9,91.5,86.6,79.4,64,76.9,80.6,71.6,82.1,75.7,76.2,86.1,93.7,93.2,91.1,0,1.2,1.2,0,0,0,0,2.3,2.3,4.6,41.3,23.9,0,0,1.2,2.3,3.4,1.1,4.5,0,1.1,0,1.1,11.3,19.3,29.1,13.1,4.8,2.1,6.2,19.8,82,76.3,72.4,53.8,91,90.5,60.4,85.4,90.7,89.7,88.9,72.5,71.6,90.1,80.1,81.2
"5","JH23",5.2,0,0,2.1,0,0,0,6.5,0,0,2.2,25.4,27,30.1,20.5,0,0,0,16.7,0,0,0,80,60,100,78.9,100,78.6,100,92.9,93.3,63.8,82.1,89.2,53.4,51.7,54.7,51.1,58.8,54.5,34.7,43.7,44.2,19.5,0,0,0,0,0,2.4,4.4,4.3,0,2.3,2.2,0,0,0,0,0,0,0,0,0,0,0,57.8,82.7,91.7,73.8,87.6,90.8,97.8,98.2,93.8,90.2,0,0,4.3,0,0,0,0,0,0,0,2.3,0,2.8,0,0,0,68.6,91.8,75.8,88.6,86.2,82,82.7,93.3,93.7,94,91.3,94.9,98.1,87.7,88,88.5,81.5,65.4,92.9,100,"0","0","0","0","0","0","0","0","0","0","0",2.4,10,2.6,2.4,2.7,"98.5","100","92.3","100","100","95.9","100","93.2","100","94.4","94.6",83.6,77.3,58.1,53.1,31.9,90.4,64.6,67.9,78.1,92.6,87.6,94.9,97.1,94.3,3.9,0,2.6,0,2.6,0.9,0,0.8,0,0,0.8,0,0,0,0,0.8,0,0,0,0,0,0,0,0.8,0.8,0,0.8,0.8,0,0.4,0.8,0.8,0,0,1.6,1.7,0,0,0.9,0.4,0.4,79,83.1,83.6,95.1,96.6,90.2,87.2,84.1,89.5,95.2,93.1,96.2,94.7,85.8,79.4,83.5,91.5,74.8,86.7,73.3,72.9,83.6,90.9,96.2,93.5,0,0,0,0,0,0,0,0,2.8,2.8,53,29.3,4.3,0,0,0,0,0,0,0,0,1.9,0,13.7,25,29.9,13.5,6.8,2.7,4.4,10.4,86.9,76.8,78.7,59.3,90.1,88.2,52.3,77.1,80.6,84.9,89.4,70.9,78.2,84.3,81.2,72.4
"6","JH24",3.2,0.3,1.3,2.5,0.7,2.9,3.2,3.3,0.7,0,0.4,20.3,21.8,28,23.4,0,0,0,0,10,0,0,83.8,86.1,88.7,82.9,98.2,63,89.3,87.5,84.2,47.1,92.9,86.7,55.7,49.7,53.2,51,57,55.5,36.9,48.7,54.9,22.5,0.7,1.4,1.4,0,0.7,0,0,1.1,0,0,1.9,0,2,0,0,0,2,0,0,0,0,0,61.8,81.4,94.4,87.9,90.6,93.5,94.9,96.6,95,92.4,4.5,0,2.6,0,0,0.9,0,0,0.9,1.3,2.3,1.7,1.8,3.6,0,0,76.2,93.2,80,89.9,85.6,85.7,86.5,92.5,96.5,94.3,94.6,92.5,93.8,90.5,91.7,86.6,91.5,78.7,85.4,95.8,"0","0","0","0","0","0","0","20","0","0","0",5.1,4.6,4,3.4,0,"97.2","95.5","97.3","98.4","98.5","98.5","96.7","96.3","97","96.1","96.4",90.8,88.4,60.3,69.3,40.8,83.8,79.9,74.3,77,90.9,89.6,98.6,94.8,90,0,0,1,0,0,0.4,0,0.7,0,1.4,0.3,0,0.3,0.3,0.3,1.1,0,0,0,0,0.3,0.3,0,0,0.5,0,0,0.3,0.6,0.9,1.1,0,0.3,0.1,0.1,0.1,0,0,0.9,0.1,0.1,81.7,95.2,93.1,93.7,92.7,93.6,92.2,86.4,86.4,95.1,89.2,96.3,89.2,94.8,86.8,88.6,90.5,70.1,90.7,82.4,77.3,84.8,87,95.1,93.5,1.4,1.4,2.8,0.7,0,0.7,1.4,1.4,1.4,6.3,39.8,32.5,1.1,0.7,1.9,2.5,1.2,0,1.2,1.1,1.1,0,2.2,11,21.1,19,5.9,7.6,2.4,7.9,15.4,89.6,73.5,80.3,51.1,94.3,95.3,62,85.5,91.9,88.5,90.7,77.4,76.5,85.3,83.2,83.9
"7","JH25",3.8,0,0.6,1.8,1.8,1.8,2.7,0.9,0.8,0.8,0,27.8,25,29.7,32.1,0,0,6.7,0,0,0,0,70.2,65.3,95.8,91.7,93.5,76.7,96.7,93.8,97.1,54.4,82.9,89.4,43.7,46.1,50,41,52.3,54.7,34.2,44.9,56.7,16.9,0,2.9,0,0,0,1.4,1.4,2.8,0,0,0,0,0,0,0,0,0,0,0,0,0,0,63.1,83.4,94.4,81.7,87.5,93.8,97.8,94.7,91.9,90.8,0,0,6,0,0,0,0,0,0,2.2,6.8,5.1,2.6,0,0,0,74.5,95.7,86.3,89.5,89.4,80.5,89.7,84.7,96.2,95.1,95.3,89.5,93.2,93.1,93.2,91.8,89.8,79.6,82,100,"0","0","0","0","0","0","0","0","0","0","0",10.2,3.5,3.6,7.3,2.1,"90.7","94.2","96.8","98.8","97.8","98.3","96.7","97.8","93.9","93","97",89.7,93,48.8,58.3,39.4,89.5,77.6,66.2,73.8,89.8,81.1,93.3,96.7,94.1,1.1,0,1.1,1.1,0,0,0,0,0,1.2,0,0.6,0.6,0,3.9,1.1,0,0.5,0,0,0,0,0.5,0.5,0,0,0,1.7,0,1.1,0.4,1.1,0,0,0.3,0,0,0,0.7,0.3,1.4,82.1,96.4,91,94.6,95.3,90.3,91.5,83.8,95.3,95,93.8,97.2,90.5,90.5,75.3,91.2,87.6,71.3,85.2,84.6,78.8,87.1,89,91.8,95.3,1.3,0,0,0,0,0,0,7.6,10.1,6.5,42.5,19.8,0,0,0,3.8,1.2,2.4,1.2,1.2,4.8,0,0,4,13.8,19,4.3,4.3,2.9,4.4,10.6,87.5,79.8,76,53.4,94.1,90,55.4,84.2,90.7,84.7,90.7,71.7,74.3,85.8,75.2,82.2
"8","JH26",3.4,0,4,0.8,1.7,1.7,2.4,1.6,0,0,0.6,35.2,37.4,38.2,33.3,0,0,7.1,10,0,0,0,78.9,75.4,96.2,91.7,87.5,63.6,100,85.7,81,56.7,86.8,87.6,61,54.1,53.5,55.5,57.9,54.8,41.1,59,54,19.7,0,1.9,1.9,1.9,0,1.8,0,3.4,0,1.9,0.9,0,0,0,0,0,0,0,0,0,5.3,0,69.3,80.1,91.3,85.1,87.5,95.5,94.2,96.6,92.6,87.6,1.4,0,2.8,1.4,0,1.4,1.4,0,0,0,2.4,2.6,2.6,4.7,5,9.8,73.8,88.7,83.2,90.2,91.9,82.4,89.3,92.7,93.3,95.4,95.7,92.6,96.4,95,91.9,86,89.1,70.5,85.2,98.6,"0","0","0","0","0","0","0","0","0","0","0",8.2,5,5.1,2.6,1.9,"99.1","95.3","98.6","97.5","99.6","96.2","98.5","97.8","96.6","96.9","95.5",94.8,86.8,58.6,53.3,40.1,85.8,72.1,72,82.8,93.6,84.7,96.2,91.2,86.1,0.9,0.9,0.9,0,0.9,0.5,0,0.5,0.5,1,0,0,0,0,0.8,0.4,0,0,0,1.2,0,0,0.4,0.8,0,0.4,0,0.4,1.3,0.5,2.4,0.5,0.8,0.7,0,0.5,0.5,0,0.7,0.2,0,72.7,93.8,86.8,91.1,86,91.2,89.8,87.2,83.7,92.7,85.1,91.1,90.4,88.7,83.5,79.9,86,74.9,85.2,76.4,82,89.5,92.7,94.2,94.4,6,0.7,2.6,7.3,0,0.7,4,6,7.3,13.3,36.2,27.4,0,0,2.9,0.9,2.8,0.9,0,0.9,0.9,0.9,0.9,13.8,42.9,37.3,12.3,17.6,1.5,7.4,22.5,94,85.6,81.3,59.5,93.2,95.5,64.4,81.9,90.9,91.5,88.8,73.4,79,90.2,86.3,84.2
"9","JH27",3.4,1.1,1.9,4.3,0,3.6,3.6,4.3,0.7,0,0,20.5,25,24.8,21.3,0,7.1,0,12.5,0,0,0,65.5,69,78.6,94.7,87.5,91.7,100,100,84.6,51.3,93.2,90.6,52.1,53.2,57.7,53.8,55.8,56.7,38.7,49.9,51.1,18,0.9,1.8,1.9,1.9,0,0,0,0,2,0,0,0,0,0,0,0,0,0,0,0,0,0,61.2,77,88.6,74.9,91.6,96.7,94.6,94.3,91.9,91.4,1.6,0,1.6,0,1.6,0,1.6,1.6,1.6,0,2.3,0,0,2.2,2.3,2.2,77.6,89.6,82.7,93.1,89.2,87.9,88.4,90.2,98.9,92.9,97.8,91.1,95.3,91.2,92.7,80,91.5,74.3,90.4,94.5,"0","0","0","0","0","0","0","0","0","0","0",6.7,10.7,5.6,5.8,0,"92.8","93.8","96.1","95.7","98.7","96","94.2","95.4","92.8","91.5","97.2",90.3,95.5,51.2,61.9,38.1,83.3,71.4,85,90,92.5,97.5,97.5,100,86,1.2,2.4,1.2,1.2,1.2,0,0.7,0,0,0,0,0,0,0,0,0.5,0,0.5,0,1.5,0,0.5,0,1,0.5,1,0,0,0,0,1.9,0.5,1.1,0.5,0,0,0.3,0.3,0,0,0,79.5,92.2,82.6,91.8,86,89.2,89,82.9,78.4,93.8,91.1,94,95.1,91.4,77.3,82.7,71.8,67.1,84.1,69.7,76.9,89.6,91.6,93.9,92.9,0,0,0,0,0,0,0,1.8,1.8,10.7,33.3,30.3,0,0,3.7,0,0,0,1.6,1.6,3.2,0,0,7.4,22.2,13.7,4.4,6.8,4.9,6.9,13.3,93.9,74.7,83.2,61.3,93.5,93.5,63,83.1,89.2,85.9,88.6,69.2,74.4,82.5,79.8,81.6
"10","JH28",1.6,0,3.2,0.7,3.2,2.6,2.6,5.9,2,0.7,0,17.1,12.3,21.5,9.1,4.3,5.3,0,0,0,0,0,73.2,69.6,87.5,80,90,90.5,100,87,84,54,84.2,88.6,58.4,39.1,42.7,37.6,50.2,39.7,34.2,53.2,53.7,16.9,0,0,0,0,0,0,0,0.8,0,0,0,0,0,3.8,0,0,4,0,0,0,0,0,63.5,69.4,89.2,81.4,80.8,94.2,95.6,94.9,96.4,90.7,0,0,0,0,0,0,1.9,0,0,0,0,0,0,0,0,1.4,69.3,88.1,76.4,94.1,87.5,85.6,83.9,88.2,93.9,95.7,93.4,93.6,95.2,88.4,91,77.3,63.6,74.2,84.1,90.3,"0","0","0","0","0","0","0","0","0","0","0",1.8,0.9,0,0.9,1.9,"96.2","97","97","98.7","97.6","94","95.3","98.8","95.9","96.4","94.6",89.6,86.1,52.8,77.8,38.9,85.3,72.2,79.5,61.5,87.2,90,90,87.8,97.6,0,1.1,0.6,0,0.6,0,0.4,0.4,0.4,0.4,0.4,0,0,0,0.4,0.4,0,0,0,1.1,0.4,0.4,0,0,0.8,0.4,0,0,0,1.1,0.3,1.1,0.3,0,0,0.3,0.3,0,0.8,0,0,77.8,98.2,80.9,94.3,87.9,93.7,84.4,79.2,86.2,95.9,92.4,92.4,93.6,86.9,75,83.2,95.1,81.1,93.7,82.2,79.6,89.4,90.7,92.9,95.1,1.3,2.5,0,0,0.6,0,1.3,0.6,0.6,1.3,34.2,15,0,2.8,0,0,0,0,0,0,1,1,0,11.5,13.7,18.6,6.7,3.2,0.5,5.5,7.3,84,68.9,71.5,50.7,84.2,89.8,46.5,71.3,75,75.9,79.6,57.4,65.1,71.1,61.7,64.9
"11","JH29",2.7,0,1.1,1.5,0.8,0.8,3.3,4.1,0.8,0.8,1.6,13.4,19.3,19.7,4.8,0,0,0,0,0,0,0,81.3,77.4,93.3,90.9,92.9,84.6,92.3,84.6,92.9,48.8,91.2,89.5,56.6,43.4,50.2,42.3,51.1,41.5,32.3,58.6,63.6,14.8,0,1.7,0,0,0,1.4,0,0,0,0,0,0,0,0,0,0,0,0,0,0,0,0,52.7,80.5,92.9,83.9,83.9,96.6,94.4,96.8,92.3,91.7,0,0,0,0,0,2.4,0,0,0,0,0,0,0,0,0,0,72.9,85.7,74.2,90.5,91.8,83.9,83.6,90.9,93.4,93.6,94,90.4,98,88.1,93.2,77.3,86.4,72.7,92.9,88.6,"0","0","0","0","0","0","0","0","0","0","0",4.9,10,2.6,0,5.4,"93.9","94","96.6","98.4","96.4","96.3","96.4","95.7","97.1","96","95.2",92.6,76.9,56.1,48.1,16.3,77.1,52.4,59.8,58.5,90.4,89.2,92.9,84.3,75.3,0,0,0.9,0,0.9,0,0,3.5,0,0,0,0.7,0,0,0,0,0,0.6,0,0,0,0,0,0,0,0,0,0,0,0.7,0.7,0,0.4,0,0.3,0,0.4,0,0.4,0,0,84.4,95,85.9,92,80.4,91.9,85.7,84.3,72.4,94.4,83.7,98.5,95.5,94,82.3,90,92.9,73,91.2,88.9,73.2,86.6,87.2,92.3,93.8,1.1,0,0,0,1.1,0,0,2.2,2.2,3.3,24.5,14,0,2.6,0,0,1.9,0,0,1.8,3.6,0,3.4,10.3,33.6,25.7,6.5,4.3,0,4.3,6.2,88,69.6,71.1,50.4,84.2,92,42.3,70.3,76.2,68.9,76.4,58.3,61.9,76.8,73.9,72.6
"12","JH30",4.5,0,3.2,0,0,3.9,0,1,0,0,1,15.5,18.4,16.8,8.6,0,0,0,0,0,0,0,69.6,84,83.3,80,84.2,66.7,78.9,84.2,63.2,58,85.2,86.1,51.8,34.9,42.8,35.9,42.6,37.2,31.7,49.6,49.1,15.9,0,0,0,0,0,0,0,2.6,0,0,0,0,0,0,0,0,0,0,0,0,0,0,54.7,71.5,94.2,84.2,85.6,92.3,91.5,93.4,94.3,89.3,0,0,0,0,0,0,0,0,0,1,0,2.6,0,0,0,0,69.6,89.1,72,90.3,86.2,77.7,81.7,85.6,91.4,93.3,90.5,91.8,94.7,91.3,92.4,83.3,76,67.4,83.6,95.8,"0","0","0","0","0","0","0","0","0","0","0",5.2,1,0,1,0,"92.6","90.7","97.4","96.3","95.3","93.6","97.7","95.9","98.8","94.8","93.2",93.9,75,44.9,57.9,34.2,80.6,64.2,72.5,69.1,94,86,94.8,95.4,89.4,0,0,0,0,0,0,0,0,0,0,0,0,0.6,0,0,0,0,0.5,0,0,0,0,1.1,0,0,0,0,0.6,0.6,0.4,1.1,0,0.8,0,0,0,0,0,0,1.2,0.4,76.2,92.8,89,91.9,91.7,89.2,89.7,77.9,90,97.2,88.3,96.6,88.8,83.6,74.9,90.6,84.5,70.1,85,80.3,76.4,86.9,87.3,92.3,96.9,0,0,0.6,0,0.6,0,0,1.8,1.8,6.6,36.8,17.7,0,0,1.8,0,0,0,1.7,0,1.7,0,0,15.4,19.8,23.5,6.4,1.3,1.3,3.5,17.5,86.2,71.1,72.3,44.7,84.1,84.2,40.5,72.5,87.1,79.1,85.6,62.1,67.1,77.2,67,72.5
"13","JH1",1.8,0.8,2.3,0,6.7,0,4.2,0,0,0,0,28.3,27.9,27,10.9,0,0,0,0,0,0,0,90.9,86.8,96.1,93.5,95,85.7,83.3,66.7,80,55.9,86.8,86.3,58.2,40.2,38.6,26,41.6,39.4,38.3,55.4,48.5,13.6,0,3.4,0,0,0.2,1.7,0.2,1.9,0.7,2.3,0.2,0.2,0,0.7,0.5,0.5,0,0.5,0,1.4,0.3,0,51,61.8,68.6,78.8,80.9,93.9,84.6,98.2,85.4,93.9,2.2,2.2,0,0,0,0,0,0,0,0,2.1,0,0,7.1,0,0,82.5,93.8,90.2,89.1,84.9,84.1,69.4,91,88,90,93,95.3,95.3,96.2,93.4,80.5,88.9,68,77.2,95.3,"0","0","0","0","0","0","0","0","0","0","0",4.2,0,0,0,0,"100","83.3","83.3","100","100","100","80","100","100","100","60",100,90.5,55,58.4,38.6,79.6,60.1,47.4,60.8,98.7,86.1,91,93.9,92.8,0.4,0.2,0.2,0,0.4,0,0,0.4,0,1.1,0,0.4,0.4,0.4,0.4,0.4,0,0,0.3,0,0,0.3,0,0.4,0,0.4,0.4,0.8,0,0.5,2.3,0.2,0.8,0.2,0.2,0.2,0,0,0,0.2,0.2,80.4,89.4,89.8,90.2,93,89,89.2,81.5,89.9,100,90,96,96,89.1,70.6,80.6,88,68.7,91.6,86.7,72.5,91.9,90.6,90,88.7,1.1,1.1,2.2,1.1,1.1,0,0,1.1,0,0,29.1,17.6,0,0,0,0,2.9,0,0,0,0,2.8,0,22.2,32.4,30.3,9.4,3.2,6.5,10,29,86.4,80.7,73.8,51.8,94.1,94.3,43.2,75.9,78.8,77,82,55.9,58,77.6,74.8,78.9
"14","JH10",4.2,1.6,1.2,0,7.1,6.7,13.3,5.6,0,0,0,34.5,29,43.8,31.3,1.4,0,6.7,0,0,14.3,0,70,81.6,86.5,76.5,100,50,100,100,100,47.6,86.9,83.4,60.2,48.8,40,54.8,49.6,73.9,52.3,36.2,51.9,9.9,4.3,4.2,0,0,1.4,1.5,0,2.4,0.5,3.4,0.2,0,0,0.2,0.2,0.4,0,0.4,0.2,0.5,0,0,47.7,72.3,87.5,83,80,97.1,94,99,97.1,93.1,2.5,1.7,2.5,0,0,0.8,0,0,0.8,0,0,0,0,3.6,0,0,90.5,97.1,89.3,91,92.7,82.1,93.7,92.9,98.8,93.1,96.3,94.7,95.6,88,96.4,87.2,86,80.3,96,96.6,"0","0","0","0","0","0","0","0","0","0","0",11.3,4.8,4.7,1.9,0,"N/A","N/A","N/A","N/A","N/A","N/A","N/A","N/A","N/A","N/A","N/A",88.9,81.7,50.1,53.8,44.4,83.3,72.7,79.5,74.4,92.7,87.8,90.9,100,98.1,0.3,0.9,1.8,1.2,2.2,0,0.4,0.9,0,0.4,0,0,0.4,0.4,0,0,1.2,0.8,0,0.4,0.4,0,0.4,0,0,0,0.4,0,0,0.2,0.5,0.2,0.1,0,0,0.2,0,0.1,0.1,0.3,0.3,86.5,88.1,88.9,89,91.6,92.8,93.4,84.8,90.7,94.3,73.8,93.3,93.2,89,84.5,89.7,88.3,59.7,86.8,57.9,87.3,89,92.2,97.3,92.9,0,2.4,4.8,4.8,0,0,0,4.7,4.8,12.5,37.8,23.2,1.7,3.5,0,13.4,0,0,0,0,0,0,0,11.7,29.5,24.2,18.4,5,4.8,11.3,15.3,91.9,78.9,76.5,57.4,95.4,95.8,68,91.1,93.9,92.2,91.5,81.7,88.4,88.6,84.3,87.2
"15","JH11",2.2,0,0.6,0,0,0,0,0,0,2,0,12,21.4,28.6,6.7,0,0,0,5.3,0,0,0,91.4,90.1,94.9,86.7,83.3,66.7,100,100,100,50.1,91.6,85.9,62.7,41.7,43.9,26.1,41.3,48,28.3,53.4,62.2,18.5,0,0,0,4,1.1,0.4,0,2,1,2.2,0.3,0.4,0,0,0,0.2,0,0.2,0,0,0.3,0,58.5,68.6,80.6,83.9,91.8,89.6,96.6,93.8,96.2,93.8,0,0,0,0,0,0,0,0,0,0,5.5,8.1,3.3,0,4.2,0,68.6,87.1,82.1,83.1,88.3,93.8,79.8,88,88.5,92,86.7,90,97.4,93.5,91.8,84.8,89.3,80.4,90.6,90.9,"0","0","0","0","0","0","0","0","0","0","0",7.6,1.1,0,5.8,0,"100","100","100","81.8","100","66.7","100","90","100","100","100",85.7,69,38.2,47.8,51,63,49.3,66.8,49.1,95.6,83.4,88.9,97.1,90.2,0.5,0,0.2,0.5,0.7,0,0,0.5,0.2,0.2,0.2,0.6,0.4,0,6.4,0.2,0.2,0.2,0.2,0,0.2,0,0.4,0.2,0,0,0,0,0,0.4,5.4,0,0.2,0,0.5,0.3,0.3,0,0,1.4,0,82,88.7,83.2,91.9,97.2,91.1,96.4,82.1,75.4,94.8,70.8,91.7,91,74.6,75.9,90,80.7,75.9,84.8,64.1,73.1,86.7,93.2,94.6,89.9,5.3,0,0,5.3,0,0,0,0,2.7,0,33.3,21.6,0,0,0,3.2,1.1,0,0,0,1,4,1,18.6,35,18.8,12.5,0.3,0.8,8.5,24.8,81.9,68.4,80.1,43.9,95,92.2,50.2,74.5,76.3,78.5,75.2,58.8,68.5,79.2,77.2,77.7
"16","JH12",2.4,0.2,0.5,8.3,0,0,0,0,0,2,0,20,14.8,20,8.8,0.6,0,2,8.3,0,0,0,76.2,83.1,96.4,95.5,94.4,60,100,100,80,60.8,93.3,85.7,41.3,50.9,42.8,36.6,44.4,42.2,29.2,57.3,54.6,24.7,0,0,0,0,1.4,0.3,0.8,0.8,0.2,3.6,1.4,0.3,0.3,0.3,0,0,0.8,0,0,0,0,1.9,63.3,85.2,68.3,76.7,92,94.5,98,95.6,93.1,87.9,2.3,0,1.2,0,0,0,1.2,0,0,1.5,0,0,0,0,0,0,64.3,95.5,81.8,89.6,90.9,86.3,90,92.5,96.7,90.5,90.1,89.8,96.4,88.3,89.8,80.4,85.3,71.6,88.1,94.7,"0","0","0","0","0","0","0","0","0","0","0",5,5.3,0,0,2.6,"100","100","100","87.5","100","100","100","100","100","100","100",83.3,86.9,50.9,43.6,38,63.6,40.6,48.7,59.1,93.4,79.9,96.8,91.9,87.2,0.6,0.2,0.2,0.6,0,0,0.2,0.2,0,0.2,0.5,0.7,0,0.2,0,0.2,0.2,0,0.2,0,0.3,0,0.2,0.3,0,0.2,0,0.2,0.2,0.6,0,0.1,0,0.3,0,0.1,0,0,0,0.1,0.1,73.7,95,90.9,90.2,93.3,99.4,90.8,81.1,80.3,94.2,71.1,96.2,87.7,86.3,74.4,91.8,83.3,67.7,78.7,71,83.7,90.7,90.5,95.6,94,0,0,0,0,0,0,2,0,0,0,28.3,21.3,0,0,0,1.9,0,0,0,0,0,0,0,16.3,27.3,29.3,12,10.2,0,6,21.1,93.2,84.8,74.5,51.2,90.7,82.2,47.5,71,77.3,76.3,78.5,56,59.4,75.7,69,76.5
"17","JH13",4.5,0.6,1.5,0,0,0,0,0,0,0,2.1,5.3,8.3,16,10.7,1.2,0,0,0,0,0,0,74.6,87.9,89.5,100,100,100,100,100,66.7,67,80,85.6,64.2,33.8,33.1,26.4,33.9,40.5,35.9,49.3,49.5,17.7,0,0,0,0,2.1,0.4,0.3,0.9,0.7,0.7,1.7,1.8,0,0,0.8,0.4,0.8,0,0.4,0,0,0,59.4,81,81.8,77,86.1,94.7,97.1,96.7,96.8,86.6,0,2.2,0,0,0,0,0,0,1.2,0,0,0,0,0,0,0,67.1,83,89.4,92,91.6,82.2,83.7,96.1,99.5,87.5,94,96.2,93.8,80.9,86.3,85.5,87.1,79.2,87.9,98.3,"0","0","0","0","0","0","0","0","0","0","0",0,3.3,0,0,0,"100","100","100","100","100","100","100","100","50","100","100",91.7,78.8,38.8,61.3,12.1,60.6,42.9,62,40.5,80.2,75.9,90.5,85.7,80.4,1.7,0,0.3,0.1,0.2,0.5,0,1.4,0,0,0,0,0,0,0,0,0.8,0,0,0,0.4,0,0,0,0,0,0,0,0,0.3,0,0.2,0.2,0.2,0,0,0.2,0,0.2,0,0.4,64.8,90.4,89.7,91.7,91.3,79.8,83.3,84.4,84.7,93.1,94.2,89.2,96.4,91,94.5,96.3,79,69.3,98.5,86.3,79.3,89,89.5,91.1,93.3,0,0,0,0,0,0,0,0,0,0,28.4,12.1,0,0,0,0,0,0,0,0,0,0,0,20,33.1,24.6,3.7,5.1,1.5,6.2,13.2,87,59.8,78,45.6,90,82,63,83.4,92.3,87.4,84.5,66.5,70.1,92.7,81.4,85.5
"18","JH14",3.6,0.4,2,0,4.5,0,0,4,0,0,0,27.8,32,33.3,25,0,3.8,2.6,10,7.1,3.3,0,94.4,87.5,80,86.7,100,100,100,100,100,60.4,87.1,85.2,64.5,37.9,38.8,37.2,36.4,44.2,36.2,48.9,53.5,12.5,0,3.6,3.6,3.6,0.2,0.4,0.1,0.8,1.1,1.3,0.3,0,0,0.5,0,0,0.9,0.2,0.2,0,0.3,0,66.9,83.8,76.7,78.5,92.1,93.6,98,98.1,94.2,85.9,0.9,0,0,0,0.9,0.9,0.9,0,0,3.1,0,0,0,0,5.6,0,80.6,91.2,84.8,94.3,90.9,90.7,89.6,94,95.7,95,93.4,90.5,96.4,92.5,95.7,88.2,82.4,79.4,90.9,85.7,"0","0","0","0","0","0","0","0","0","0","0",5.8,0,0,4.7,10,"100","100","100","100","100","100","100","100","50","100","100",87.5,87.1,49.1,54.4,32.1,68.5,57.5,65.1,63.8,86.2,78.2,97.6,96.3,93.6,2.2,0.4,0.5,0.2,0.7,0,0,0.3,0.3,0,0,0.3,0,0,0,0.6,0,0.6,0,0,0,0.3,0.3,0,0,0.3,0,0,0,2.2,1,0.6,0,0,0.2,0.2,0.4,0.4,0,0.2,2.3,80.8,96.3,87.2,87.6,93.6,94,89.7,84.3,80.4,90.5,85.3,93.8,92.5,86,75,82,77.2,60.2,85.2,77.3,76.2,85.5,85.9,91.8,95.7,0,3,0,1.5,0,0,1.5,0,0,12.1,32.4,18.5,0,0,0,0,0,0,0,0,3.3,0,1.6,19.8,29.6,28.3,20.2,3.3,10.3,4.4,20,88.5,73.3,73,54.6,90.5,95.5,64.2,86,87.2,84.5,92.4,76.7,77.7,87.3,77.7,84.5
"19","JH15",2.5,0.5,0.6,0,0,0,5.3,0,2.4,0,0,9.1,19.4,31.3,12.1,0,1.3,2,8.8,6.9,9.1,0,85.2,85,98.2,90.9,95,72.7,88.9,100,70,53,90.9,81.5,60.3,57.9,52.8,49,50.2,52.4,30.9,45.9,53.3,15.5,6.3,0,3.1,3.1,0.1,0.8,0.9,1.6,1.2,3.8,0.9,0.2,0,0.5,0,0,0.5,0,0.5,0.2,0,0,63.6,86.8,65.8,84.7,86.9,96.8,94.6,96.6,87.9,87.8,0.9,0.9,2.8,0,0,4,0,1.1,0,1.1,0,0,0,3.1,0,0,88,90.3,87.3,89.2,89.8,84.2,84.3,85.3,98,98.5,95.5,97.5,99.5,90.6,89.4,84.7,87.4,79.9,96.6,98.7,"0","0","0","0","0","0","0","0","0","4.8","0",3.2,3.2,6.6,4.3,0,"100","100","100","100","100","100","100","100","100","100","100",100,85.3,59.2,67.8,50.1,89.4,58.4,66.9,68.5,93.1,79.6,94.8,91,96.5,0.4,0.4,0.5,0.1,0.7,0,0,0.2,1.7,0,0,0.7,0.2,0.5,0.5,1.6,0.5,0,0,1.1,1.5,0.4,0,0,0,0,0.2,0,0,0.5,0,0.2,1,0.2,0.2,0,0,0,0.7,0.2,3.7,81.5,94.9,97.3,98.7,94.7,93.3,87.1,74.2,88.8,97.3,89.4,92.9,89.7,86.5,72.6,86.5,88.5,58.4,82.1,77.8,81.2,95.2,88.7,95.9,92.6,0,2.1,4.3,0,0,0,0,2.2,4.4,4.4,29.9,17.2,0,4.5,0,3.8,0,0,0,0,3.7,0,3.6,15,34.6,24.6,5.8,2.1,0,6.7,13.3,80.9,75.4,73.4,49.7,95.9,95.9,61.1,89.2,90.9,89.2,92.5,69.5,83.8,89.4,80,74.3
"20","JH16",3.3,0.2,2.2,0,0,4.3,13.3,5,2,0,0,25,21.3,25,30,1.1,0,0,0,0,0,0,71.7,84.4,95.2,100,93.3,100,87.5,100,88.9,55.6,92.7,92.2,55.8,32.7,31.5,36.5,35.9,48.2,28.4,57.6,55,31.5,10,0,0,0,0.2,0,0.2,2,0.1,0.6,2.6,0.3,0,0,0.2,0,0.2,0,0.3,0.2,0.2,0,61.6,71,75,85.1,75.5,93.7,90.3,95.3,99.4,84.8,0,0.9,0,0,1,0,0,0,0,1.4,0,0,0,0,0,0,50.3,82.5,89.2,84,84.8,90.1,88,95.2,98.1,84.8,96.7,92.5,87.4,85,88.7,83.2,95.1,85.6,85,95,"0","0","0","0","0","0","0","0","0","0","0",9.4,1.9,0,0,0,"100","100","100","100","100","N/A","100","100","100","100","100",87.5,85.5,58.1,60.2,29.7,77.3,60.6,67.9,47.8,92.3,79.8,97.8,90.2,80.4,1.6,0.2,0,0.8,0.1,0,0,0.4,0,0.2,0.8,0.6,0.6,0,0,0.4,0.2,0,0.2,0,0,0,0,0,0,0.2,0,0.2,0,0.3,1,0.3,0,0,3.2,0,0,0.7,0.3,6.8,0,82.2,97.2,90,91.4,96.9,91.9,97.2,85,98.6,91.3,92.8,100,93.7,87.3,89.1,87.5,98,88,93.8,89.7,73.8,82,89.5,96.4,93.9,0,0,3.2,3.2,0,0,0,0,3.6,0,36.3,14.8,0,4.2,0,0,0,0,7.1,0,3.6,0,3.6,22.9,35.9,18.4,5.9,7.1,6.7,14.1,18.8,83.5,74.5,74.6,39.8,81.7,78.7,39.3,76.1,84.3,80.7,87.9,75.4,71.2,93.6,80.9,81.4
"21","JH17",6.6,1,0.9,0,0,0,0,0,0,0,0,37.7,34.8,30.3,11.4,0,3.7,0,0,0,0,0,100,77.8,94.4,100,87.5,60,100,80,75,42.1,87.8,83.9,49.3,66.9,59.5,48.4,48,44.4,45.1,61.8,64.7,21.6,0,0,0,0,0.8,1.3,1.2,1.3,0.4,1.4,1.2,0,0,0.5,0,1.5,0.5,0,0,0,1.8,0,66.2,64.7,67.5,80,92.2,98.3,96.8,93.6,95.2,88,0,0,0,0,0,0,0,0,0,0,0,3.3,0,8.7,3.8,0,61.3,84,80.5,85.5,89.3,82,75.9,89.3,95.7,89.7,94.5,94.6,98.8,91.1,88.7,76.6,92.9,61.1,83.1,95.2,"0","0","0","0","0","0","N/A","N/A","N/A","N/A","N/A",18.2,0,0,0,0,"N/A","N/A","N/A","N/A","100","100","100","100","100","100","100",90.9,77.6,36.5,39.6,25.3,70,48,71.7,26.1,84.1,77.8,96.9,96,80.6,2.2,0.4,0.4,0.4,1.1,0,0,0,1.2,0,0,0,0,0,0,1.6,1.6,0,0,0,0,1.1,0,0,2.8,0.6,0,0.6,0,0,0,0.5,0,0.7,0.2,0.2,0.2,0.2,0.6,2.3,0,66.7,94.4,77.8,86.8,93.4,85.7,94.4,88.4,88.9,89.3,90,96.7,86.7,93.1,61.3,90.3,93.3,62.1,86.2,89.7,87,83.1,88.8,95.1,95.5,0,0,0,0,0,0,0,0,0,0,37.9,7.9,0,2.6,4,0.8,0.8,0,0,0,0,0,0,11.1,24.9,12.9,3.8,3.9,1.9,8.8,13.7,84.3,69,72,45.9,86.3,84.7,52.9,76.2,77.5,82,83.2,65.1,63.8,79.2,69,73
"22","JH18",4.6,0.1,0.7,0,8,12,0,0,4.1,0,0,13.2,9.8,17.5,6,1.3,0,0,6.7,7.1,0,5.9,79.2,65.2,86.4,93.3,100,100,100,100,50,65.9,91,82.4,62.9,45.8,56.6,41.7,54.8,49.4,57.5,47.3,56.8,11.4,0,0,0,0,3,1.4,0.1,1.4,0.2,0.2,0.2,0,0.3,0,0,0,0,0,0,0,0.4,0,72,76,57.1,83.9,83.9,97,100,91.4,91.4,81.3,0.7,0,0,0.7,0,0,0,2.4,0,0,0,0,0,6.3,0,0,76.7,89.6,81.7,91.1,86.1,80.5,94.9,90.1,89.4,95.8,93.1,98.6,89.2,96.3,83.1,80.3,73,67.6,87.3,89.6,"0","0","0","0","0","0","0","0","0","9.1","0",6.9,2,1,1.2,6.4,"100","100","100","100","100","100","100","100","100","100","100",78.9,73.8,56.1,44.9,41.4,73.1,40.6,56.5,51.7,83.6,88.8,99.8,93.2,88.8,0.2,2.5,0.2,0.5,0.9,0,0.5,0.2,0,0.2,3.2,0,0,0,0,0.4,0,0,0,0.2,0,0.4,0,0.4,0,0,0,0.2,0,0.1,0.1,0.4,0.3,0.2,1.5,0,0.3,0.1,0.3,0.4,0.5,83.7,96.2,85.6,93.5,89.9,96.6,85.9,73.4,86.2,100,80.4,100,96.3,89.1,72.7,96.4,97.7,71.1,88.9,90.9,71.4,90,84.4,97.5,97.4,0,0,0,0,0,0,0,0,1.9,1.9,28.9,20.8,0,0,1.1,0,0,0,0,0,0,0,0,22.2,26.6,19.7,2.5,2.7,1.8,1.1,5.3,86.6,69.9,73.5,53.2,81.1,88.4,48.6,81.2,88.5,86.2,80.8,67.7,75,75.7,83.5,77.7
"23","JH2",2.6,0.7,1.8,0,0,2.5,0,3.1,0,2,0,20.4,20,25.7,13.7,0,0,8.3,0,0,0,0,94.3,82.6,87,100,94.1,50,87.5,100,62.5,47,88.9,89.7,62.8,46.6,45,43.1,46.9,51.4,41.1,50.8,54.6,17.5,2.4,0,2.4,2.4,0.4,0.2,0.7,1.3,0.8,0.2,1.2,0.2,0,0.4,0.2,0,0,0.2,0.2,0.3,0.3,0,59.4,77.3,75,75.5,83.3,92.9,94.7,94.1,93.6,90.1,0,1.1,0,0,0,0,0,1.2,0,0,0,0,0,0,0,0,63.9,88.5,84.3,87.1,90.2,74.2,86.8,93.2,95.4,89.3,95.3,95.3,90.7,85.6,85.2,86.1,86.4,76.1,89.9,93.4,"0","0","0","0","0","0","0","0","0","0","0",7.4,7.7,2.5,1.6,0,"100","80","100","80","80","100","100","100","100","100","100",100,83.4,41,50.5,14.1,74.8,59.8,75.7,48.2,82,75.6,94.3,86.6,80.4,0.3,0.2,1.1,0.6,0.2,0,0,0.7,0.2,7,1,0.2,0.2,0,0.2,0.2,0,0.2,0,0,0.2,0.2,0.2,0,0,0,0.4,0,0.2,0.8,0.5,2,0.4,0,0,0.7,0.5,0,0.1,0.6,0,78.5,90.7,91.4,90.6,87.5,98.5,86.9,82.6,87.2,90.5,82.9,93.8,88.6,89.2,75.9,84.6,80,71.3,94.3,81.8,80.6,85.8,92,96.2,94.2,2.1,0,0,0,1,0,1,0,4.3,2.2,27.3,17.3,0,0,0,0,0,0,0,0,11.1,0,0,22.5,27.8,21.6,2.9,0,0,3.3,0,92,79.1,69.1,54.4,86.1,77.8,50.8,78.2,78.4,85.5,79.5,54.5,67.9,80.2,68.6,72.4
"24","JH3",1.7,0.2,0.5,2.8,0,9.1,11.5,0,1.6,0,0,20.8,17.1,14.1,10.8,0,2.7,0,0,0,0,0,82.7,87.8,93.2,97.3,93.8,42.9,100,83.3,66.7,49,93.8,85.2,54.6,46.2,46.5,37.4,43.2,37.3,31.9,45.6,46.7,9.5,0,0,1.8,0,0.5,0.6,0,2.5,2.3,4.4,2.8,0.3,0.2,2.6,0.3,0.4,0.2,0.2,0,0,0,1.2,60.8,64.4,70.1,80.9,89.4,94.6,96.8,94,90.8,90.1,0.9,0.9,1.8,0,0.9,2.7,0,0.9,0,0,0,0,0,0,0,0,79,91.7,80.1,93.6,85.9,78.2,89.3,93.3,94.3,94.4,93.7,90.7,96.9,92.9,89,87.3,85.7,64.4,83.7,94.8,"0","0","0","0","0","0","0","4.3","4.3","0","0",5.2,2.6,4.2,1.5,0,"100","100","88.9","100","77.8","100","100","100","88.9","100","77.8",92.3,76.4,53.6,54.1,26.3,64.5,48.1,60.2,59.9,86.9,79.3,93.3,87.8,83,1.9,0,0,0.8,0.5,0,0,0,0,0,1.6,0.3,0,0,0,0.2,0.5,0,0,0,0.2,0.2,0.7,0,0.2,0.7,0.3,0,0,0.9,1.5,0.3,0.3,0,0.2,0.3,0.7,0.2,0.3,0.4,0.2,76.4,92.4,87.4,89.5,91.3,92.3,90.6,79.1,90.8,94.9,89.9,90.9,90.9,85.7,63,82.8,86.9,69.9,90.2,73.2,73,89.9,92.2,93.5,93.5,0,1.4,0,1.4,0,0,0,2.8,2.9,2.9,24.1,16.6,2.4,0,0,0,0,0,0,2.5,2.5,0,0,15.5,30,23.3,7.1,5.7,1.5,1.5,13,89.6,65,69,54.6,80.6,88.1,60.6,89,89.9,89.6,87.6,69.3,82.4,84.8,78.7,89.8
"25","JH4",3,0.3,1.5,12.5,0,0,0,3.4,0,2.3,1.1,23.7,23.6,38.7,11.4,0,0,0,0,0,0,5.7,77.4,69.1,85.1,83.9,97,73.7,80,71.4,94.1,53.5,84.6,85.8,55.4,38.3,38.9,30.9,38.4,34.8,25.7,45,50,19.6,0,0,0,0,1.2,0.6,0.5,2.3,1.4,3.6,0.2,0,0,0.5,0.5,0,2,1.4,0.7,0.3,0.6,0,57.4,74.9,73.9,81.3,82.6,95.9,95.1,92.7,92.8,88.9,2.4,2.4,1.6,0,0,0.8,0,0,1.7,2,3.2,3.7,0,2.3,2.3,0,82.5,88.2,78.2,93.9,92.4,89.8,92.1,94.3,96,94.4,92.1,88.9,95.1,92.5,94.8,80.5,74.6,73.2,86.6,93.9,"0","0","0","0","8.3","0","0","0","0","0","0",4.5,6.7,4.5,1.5,2.9,"100","100","90.5","100","95.2","95.2","95.2","90","100","90.5","94.7",91.7,90.1,48.3,48,20.6,74.1,58.8,65,60,92.2,87.5,94.3,89.9,91.3,0.9,0,0.1,0.5,0.5,0.2,0,1.3,0,0.4,2.1,3.5,1.4,0,0.2,0.4,0.6,0,0.2,0,0.6,0.2,0.2,0.8,0,1,0.2,0.2,0,0.9,1.1,0.2,0,0.6,0,0.2,0.9,0,0,0.6,1.5,75.7,91.8,83.2,88,88.5,94.6,93.4,81.3,95.2,93,90.8,93.7,86.4,90,80,84.5,85.8,67.6,87.4,77.4,78,86.4,91.1,95.6,93.8,1.3,0,0,0,0,0,0,5.1,1.4,1.4,30.7,17.7,0,1.7,0,1.5,0,0,0,0,2.9,0,2.8,13.6,29.5,18.8,13.8,8.8,2.2,4.5,16.7,83.3,63.1,65.8,52.1,93.7,90.9,72.1,89.6,92.5,88,90.5,79.1,80.4,90.6,86,86.6
"26","JH5",1.5,0.2,2,0,0,5.9,0,0,0,0,0,50,48.4,44.4,50.8,0,0,0,0,0,5.6,0,87.4,77,93.9,90.9,100,87.5,100,100,75,60.3,96.6,77,63.1,49.7,54.1,48.1,53.2,48,39.3,50.7,51,15.4,7.7,0,14.3,0,0.4,0.1,1.4,0.7,1,6,3.8,0,0.2,1.2,0,0,0.6,0,0,0.2,0,0,65,83.6,89.9,75,80.3,95.8,98.6,99.3,84.5,89.8,3.8,4.9,1.2,0,0,0,0,0,1.3,3.4,0,6.3,0,4.3,0,0,76,94.7,92.2,87.4,87.5,89,91,96.2,91.5,89.4,93.1,95.4,96.3,86.4,91.1,92.8,96.4,74.8,81.5,100,"0","0","0","0","0","0","0","0","0","0","0",12.3,6.9,2.8,3.2,0,"100","100","90","100","100","80","100","100","90","100","90",88.2,87.2,47.2,72.2,55.5,95,53.2,69.4,69.9,91.5,90.5,95.5,99.8,96.8,0.1,0.1,1.2,1,0.3,0,0,0.5,0.5,0.3,0.2,0.2,0.5,0.7,0.2,0.4,0.2,0,0,0,0,0.6,0.2,0,0.2,0.4,0,0.5,0.2,1.2,0,0.5,1.4,4.1,0,0.2,0.4,0,1.1,0.2,1.7,71.2,88.7,78.5,87.2,86.9,91.9,88.2,79.1,94.3,99.4,93,94.8,99.4,93.5,78.1,91.2,85,72.4,91.9,78,85.1,95,86.2,94.1,87.5,0,0,5.3,0,0,0,0,5.3,11.1,22.2,47.3,36.6,0,0,0,0,0,0,0,0,0,0,0,11.1,22.2,8.3,3.8,3.8,0,15.4,23.1,92.3,77,86.4,67.4,94.3,95.5,61.3,85.5,88.6,82.3,87.9,69.4,75.1,83.8,80.4,81.1
"27","JH6",2.2,0.9,1.1,0,0,0,0,0,0,0,0,33.3,21.2,22.1,14.1,0,1.4,1.8,0,0,3.3,0,85.1,88.4,97.5,95.8,90,71.4,80,40,66.7,54.8,85.5,83.3,54.4,32.7,39.7,30.6,40.5,50,44,60.2,63.8,12,0,0,0,0,0.5,0.5,0.2,0.3,1.9,1.9,0,0,0,0,0,0,0.3,0.3,0,0.4,0,0,70.7,81.7,76.8,79.7,89.4,95.2,96.1,98.7,96.6,90.3,2.7,1.8,0,0,0,0,0,0,0,0,0,0,6.3,7.1,0,0,73.9,90.2,83.6,89.1,89.9,84.6,86.4,91.9,96.3,89.5,90.5,95,95.7,90,87.8,84.7,91.9,66.7,83.6,95.9,"0","0","0","0","0","0","0","0","0","0","0",11.4,5.8,0,3.6,0,"100","100","100","100","100","66.7","100","100","100","66.7","100",94.7,79.2,35.3,43.8,18.8,54.6,47.8,52.2,64.8,91.6,70,99.1,92.8,80.9,0,0.2,0.3,0.5,0.2,0,0,0.4,0,0.2,0,0.2,0.2,0,0.2,0.2,0.2,0,0.2,0,0.4,0,0.2,0,0.2,0,0.2,0.2,0,1.1,0.2,0.3,0,0.4,0.9,0,0.5,0,1.2,0.3,0.5,74.4,90.2,86.3,86.9,90.4,95.9,89.1,71.5,86.3,96.3,85.8,93.5,90.3,89.5,85.5,89.2,89.4,78.9,94,72.3,86.1,86.5,92.8,98.2,94.8,2.3,0,0,0,0,0,0,0,0,2.4,18,14.1,0,0,0,0,0,0,0,0,0,0,0,15.3,19.6,14,4.5,0,0,13.1,10.7,75.5,71.4,82.8,61.3,94.3,82.2,60.6,72.2,78.3,83.8,79.4,77.5,72.9,77.1,73.7,68.2
"28","JH7",2.1,0.6,1.7,0,0,0,0,2.9,0,0,0,21.4,17.5,30.3,12.1,1.4,4.8,7.4,0,0,6.7,0,96.9,83.9,95.2,90.6,100,100,66.7,100,50,59.4,88.9,91.9,69.1,46.1,49.6,44.1,49.8,56.9,36,52.5,62.2,15.3,0,0,0,0,0.3,0.1,0.4,1.3,1,0.8,0.7,0.2,0,0,0,0,0,0,0,0,0.3,0,52.1,69.7,73.5,83.8,87,97.4,93.6,98.3,93.4,88.8,1,1.4,0,0,0.5,0.5,0.5,0,0,0,0,0,3.1,3,0,0,75.6,86.4,79.8,96.5,92.7,78.7,92.5,93.4,98.5,94.4,93.7,87.5,92.6,90,87.7,79.6,83.1,70.8,89.4,94.4,"0","0","0","0","0","0","0","0","0","0","0",6.8,3.4,1.1,0,2.8,"100","100","100","100","100","100","100","100","100","100","80",88.9,84.4,63.3,40.5,18.4,65.1,50.9,59.6,73.4,92.4,81.3,96.5,91.6,85.8,0.4,0.6,0.5,0,0.9,0,0,0.3,0,0.6,0.6,0.3,0,0,0,0,0,0.3,0.3,11.1,0,7.1,0.5,1.6,0,0,0,0,0.3,0,0.4,0.2,0,0.3,0.3,0.1,0.3,0,0.1,0.3,0.1,72.6,92.9,86.6,90.7,91.3,96.3,91.2,80.8,85.1,92.9,83.8,89.1,92,82.6,84.2,88.1,88.5,75,92.1,88.1,76,88.6,89.6,95.1,95.1,0,1.1,0,1.1,0,0,2.3,2.4,1.2,3.6,28.4,24.4,0,1.2,0,0,0,0,0,1,0,1,0,12.9,18.7,18,8.3,1.8,1.2,6.3,10.8,88.9,71.3,70.3,52.6,87.1,85.8,54.9,67.5,78.4,80.5,77.1,50.8,65.1,77.1,61.1,73.9
"29","JH8",2.3,1.4,0.7,5.9,0,0,0,0,0,0,0,10.5,16.7,28,25.9,0.7,2,0,0,6.7,0,0,66.3,78.4,91.9,92.2,93.8,100,100,100,85.7,65.2,83,87.2,63.4,31.7,41.3,34.4,28.4,27.4,21.8,48.1,47,10.6,0,0,0,0,0.3,1.2,0.8,1.3,4.1,3.6,0,0.2,0,0.2,0.2,0.4,0.6,0.1,0.4,0.1,0.1,0,50.4,63.8,75.7,75.9,87.5,94.5,97.8,96.8,97.9,87.4,0,1.8,0,0,0,0,0,0,1.9,0,2.4,0,0,0,0,0,78,94.4,88.4,83.8,85.9,83.6,94.5,88.1,94.7,94.2,91.1,94.7,87.3,94.7,83.7,75.9,85.2,69.7,81.7,95.6,"N/A","N/A","N/A","N/A","N/A","N/A","N/A","N/A","N/A","N/A","N/A",18.2,5,0,0,0,"100","100","66.7","100","100","100","100","100","100","100","100",100,85,63.8,46.7,19.7,70.7,43.2,72.4,63.2,83.8,83.8,98.6,84.2,91.5,0.1,0.4,0.1,0.1,0.4,3.1,0.9,0.4,0.4,0,0,0,0.4,0,0.8,0.4,0,0,0,0.4,2.2,0,0,0,0,0.4,0,0.4,0.8,0.9,0.2,0,0.4,0.4,0,0.4,0.6,0.2,0.4,4,0.2,80.1,95.7,90.4,87.7,94.4,82.3,95.9,75.1,85.2,97.1,80.5,87.3,91,87.9,79.4,84,81.6,66.7,85,83.3,90,92,90,93.8,98.1,7.1,0,0,0,0,0,0,0,0,0,22.2,14.6,0,0,0,0,0,2.1,6.3,2.1,0,0,0,5,24.5,8.9,1.7,3,1.8,4.1,20.7,89.9,70.9,77.2,56.4,93.7,93.6,40.2,70.9,73.6,82.7,78,71.4,64.1,72.3,77.2,85.4
"30","JH9",5,2.3,3.4,0,0,7.1,0,0,0,2.8,0,28.2,30.5,26.5,21.7,0,0,0,0,0,5,0,95,85,89.5,100,100,100,100,100,100,56,91.5,85.9,56.7,52.3,47.7,35.3,49.6,46.9,56,50.7,43.7,8.9,3.3,6.7,6.7,0,1.7,0.5,0,3.5,0,4.3,0.7,0.3,0.4,0,0,0.7,0.7,0.4,0,0.8,0,0,48.1,86.1,62.2,80,89.6,96.1,95.1,97.5,93.3,94,0,2.2,2.2,0,0,0,0,0,2.4,0,0,0,3.4,0,0,0,71.5,88.6,81.2,95.2,96.1,71,88.8,92.5,95.5,93.5,94,91.6,93.7,92.1,89.1,83,87.5,63.4,86.5,95.5,"0","0","0","0","0","0","0","0","0","0","0",5.3,5.4,0,4.1,0,"100","100","90","100","100","90","90","100","100","100","100",95.2,69.9,55.1,42.4,35.2,65.2,48.8,47.4,42,82.1,81.7,90.9,88.6,83.8,0.4,0,1.9,0,1.9,0,0,1.7,0,0.4,0.4,0,0,0,0.4,0,0,0,0,0,0.3,1.4,0,0.4,0.4,0,0.8,0.4,0.4,0.4,0.2,0.8,0.2,0,0.2,0.6,0.8,0.2,0,0.2,0,80.6,95,84.1,87.6,90.5,90.1,92.5,84.9,85.7,91.8,83.3,95.2,86.7,85.5,83.8,84.8,84.3,78.6,90,86.4,73,85.1,94,95,94.5,0,4.2,4.2,0,0,4.2,4.2,0,0,8.3,26.1,15.3,0,2.4,0,3.9,0,0,1.9,0,0,0,0,8.6,15.3,8.5,2.7,6.1,0,5,10.4,88.4,77.2,78.9,63.7,82.6,91.6,43.3,74.3,88,84.2,86.1,74.8,74.8,85.7,79.5,82.7
